{
  "project_info": {
    "project_number": "767125212405",
    "project_id": "mobileproject-c6694",
    "storage_bucket": "mobileproject-c6694.appspot.com"
  },
  "client": [
    {
      "client_info": {
        "mobilesdk_app_id": "1:767125212405:android:8dce4eb163f16cbc7bc9bc",
        "android_client_info": {
          "package_name": "com.example.mobileproject"
        }
      },
      "oauth_client": [
        {
          "client_id": "767125212405-4e3a94rh2cii73unkhn6pvoovdr6fq6q.apps.googleusercontent.com",
          "client_type": 1,
          "android_info": {
            "package_name": "com.example.mobileproject",
            "certificate_hash": "105576f6270622911899474f5a789a8a1ffceb93"
          }
        },
        {
          "client_id": "767125212405-msk4f9orfhepho96fo8r3e4rd87ge8hq.apps.googleusercontent.com",
          "client_type": 3
        }
      ],
      "api_key": [
        {
          "current_key": "AIzaSyBX7tBQnlcLJ7FjXvwgODvQ4PncKnXxvms"
        }
      ],
      "services": {
        "appinvite_service": {
          "other_platform_oauth_client": [
            {
              "client_id": "767125212405-msk4f9orfhepho96fo8r3e4rd87ge8hq.apps.googleusercontent.com",
              "client_type": 3
            }
          ]
        }
      }
    }
  ],
  "configuration_version": "1"
}